{"Material":"N27","Core_Shape":"R20-10-7","Effective_Area":3.363E-5,"Effective_Volume":1.4650000000000002E-6,"Effective_Length":0.04355,"Primary_Turns":8,"Secondary_Turns":8,"Excitation_Type":"Sinusoidal","Sampling_Time":1.0000000000001598E-8,"Voltage":[],"Current":[],"Time":[],"Power_Loss":[6.3166,7.844,9.6547,11.921,14.3472,19.8797,23.1614,30.6651,34.9394,44.6193,54.8052,67.0176,87.5738,102.385696,126.3563,143.401703,169.9086,206.5896,234.273804,271.851807,310.02359,344.443909,390.392395,434.42981,488.225891,532.134094,594.33,647.221191,715.197205,783.206116,847.596,7.5311,9.2456,11.2875,13.739,19.4442,22.2566,30.1292,34.2056,43.4189,54.5292,67.1642,80.4055,95.4184,119.614197,145.064102,173.211594,202.0439,231.770096,271.987793,310.928589,351.259491,398.373413,444.873,501.970886,558.799805,614.414673,681.248596,749.375427,823.593,909.64563,8.9896,10.9939,13.3059,16.0813,22.5769,26.2188,33.8802,38.5738,49.5115,61.7268,75.0243,98.0107,114.673897,141.874207,171.729095,202.986496,235.723602,281.593109,327.904602,372.083588,427.107697,481.488312,535.536,599.674683,676.554,742.605,831.739502,923.09021,1011.17133,1127.17834,9.678,11.7364,14.1783,20.4844,24.1824,27.0672,36.2366,46.6339,58.333,72.1467,87.3157,103.524902,130.513397,160.260803,192.3246,227.253799,274.994904,322.684692,371.889709,419.379791,476.250885,546.633911,604.875671,685.062195,755.222229,852.685303,948.497375,1047.93372,1175.1427,1300.57166,9.9165,12.1727,14.7225,21.2261,24.3464,32.5272,37.2788,48.2937,60.5,74.513,90.0348,116.123802,144.7061,176.469696,211.603806,247.506104,297.783508,348.33429,410.671814,460.079,534.893127,595.440308,668.755615,755.607727,842.020874,945.082703,1063.95325,1182.73755,1320.50574,1474.0304,1639.54785,10.3121,12.6303,15.2698,21.5332,25.2835,33.693,38.3205,49.4525,61.8222,83.5681,100.1465,127.520599,147.4086,181.759705,228.830505,265.966187,317.100311,381.791199,434.317902,496.426697,572.123291,648.242371,723.17041,825.834473,916.151917,1039.45093,1165.04944,1307.16699,1453.63513,1630.64038,11.2812,14.1279,16.6918,23.9893,28.0236,37.0099,48.112,61.0194,75.2989,90.9651,108.879501,138.406097,172.604095,208.146805,258.874603,312.429596,365.856903,420.186493,487.827393,552.601624,632.643677,712.525208,803.922485,910.114197,1023.34991,1155.11792,1303.88696,1459.37915,1647.69678,1841.1499,11.7482,14.3027,17.3412,24.4326,28.6623,38.3804,48.5254,61.2121,75.5587,91.6972,118.612503,151.145599,185.192093,221.858505,273.427887,326.442,380.389099,450.259796,516.24823,583.383423,663.422,752.459412,847.119873,958.496704,1088.15112,1222.34778,1377.44092,1566.13391,1762.54272,1982.51428,11.5677,14.0687,20.4571,24.2106,28.4738,37.9387,48.2553,60.8947,75.4758,99.7576,118.3918,150.758102,185.357407,234.355698,286.292908,339.443512,394.453491,464.058502,530.126221,610.699402,700.130188,794.389526,890.427429,1000.5755,1147.38428,1281.52576,1454.02051,1648.24121,1866.74304,2120.19678,11.4966,14.0943,20.3662,23.9824,32.7984,37.6832,48.9733,60.4043,82.6775,99.2704,129.444,161.296799,195.436,244.784103,284.087189,351.474701,405.782196,475.6698,555.258118,634.278809,723.154419,816.766479,925.901,1052.59497,1182.79346,1350.05835,1522.4845,1722.43518,1968.0752,2244.60913,11.651,14.2277,20.5504,24.2619,32.86,37.8359,48.6212,66.9642,81.9172,98.2817,128.809204,159.732193,206.0009,242.935394,294.414215,362.076599,430.386688,496.144287,576.027222,652.791687,744.016724,849.838196,957.570129,1083.76575,1229.32104,1395.65186,1588.62097,1809.2467,2058.74219,2365.72729,2705.1272],"Frequency":[50000,50000,50000,50000,50000,50000,50000,50000,50000,50000,50000,50000,50000,50000,50000,50000,50000,50000,50000,50000,50000,50000,50000,50000,50000,50000,50000,50000,50000,50000,50000,60000,60000,60000,60000,60000,60000,60000,60000,60000,60000,60000,60000,60000,60000,60000,60000,60000,60000,60000,60000,60000,60000,60000,60000,60000,60000,60000,60000,60000,60000,70000,70000,70000,70000,70000,70000,70000,70000,70000,70000,70000,70000,70000,70000,70000,70000,70000,70000,70000,70000,70000,70000,70000,70000,70000,70000,70000,70000,70000,70000,80000,80000,80000,80000,80000,80000,80000,80000,80000,80000,80000,80000,80000,80000,80000,80000,80000,80000,80000,80000,80000,80000,80000,80000,80000,80000,80000,80000,80000,80000,90000,90000,90000,90000,90000,90000,90000,90000,90000,90000,90000,90000,90000,90000,90000,90000,90000,90000,90000,90000,90000,90000,90000,90000,90000,90000,90000,90000,90000,90000,90000,100000,100000,100000,100000,100000,100000,100000,100000,100000,100000,100000,100000,100000,100000,100000,100000,100000,100000,100000,100000,100000,100000,100000,100000,100000,100000,100000,100000,100000,100000,110000,110000,110000,110000,110000,110000,110000,110000,110000,110000,110000,110000,110000,110000,110000,110000,110000,110000,110000,110000,110000,110000,110000,110000,110000,110000,110000,110000,110000,110000,120000,120000,120000,120000,120000,120000,120000,120000,120000,120000,120000,120000,120000,120000,120000,120000,120000,120000,120000,120000,120000,120000,120000,120000,120000,120000,120000,120000,120000,120000,130000,130000,130000,130000,130000,130000,130000,130000,130000,130000,130000,130000,130000,130000,130000,130000,130000,130000,130000,130000,130000,130000,130000,130000,130000,130000,130000,130000,130000,130000,140000,140000,140000,140000,140000,140000,140000,140000,140000,140000,140000,140000,140000,140000,140000,140000,140000,140000,140000,140000,140000,140000,140000,140000,140000,140000,140000,140000,140000,140000,150000,150000,150000,150000,150000,150000,150000,150000,150000,150000,150000,150000,150000,150000,150000,150000,150000,150000,150000,150000,150000,150000,150000,150000,150000,150000,150000,150000,150000,150000,150000],"Duty_Ratio":[0.5,0.5,0.5,0.5,0.5,0.5,0.5,0.5,0.5,0.5,0.5,0.5,0.5,0.5,0.5,0.5,0.5,0.5,0.5,0.5,0.5,0.5,0.5,0.5,0.5,0.5,0.5,0.5,0.5,0.5,0.5,0.5,0.5,0.5,0.5,0.5,0.5,0.5,0.5,0.5,0.5,0.5,0.5,0.5,0.5,0.5,0.5,0.5,0.5,0.5,0.5,0.5,0.5,0.5,0.5,0.5,0.5,0.5,0.5,0.5,0.5,0.5,0.5,0.5,0.5,0.5,0.5,0.5,0.5,0.5,0.5,0.5,0.5,0.5,0.5,0.5,0.5,0.5,0.5,0.5,0.5,0.5,0.5,0.5,0.5,0.5,0.5,0.5,0.5,0.5,0.5,0.5,0.5,0.5,0.5,0.5,0.5,0.5,0.5,0.5,0.5,0.5,0.5,0.5,0.5,0.5,0.5,0.5,0.5,0.5,0.5,0.5,0.5,0.5,0.5,0.5,0.5,0.5,0.5,0.5,0.5,0.5,0.5,0.5,0.5,0.5,0.5,0.5,0.5,0.5,0.5,0.5,0.5,0.5,0.5,0.5,0.5,0.5,0.5,0.5,0.5,0.5,0.5,0.5,0.5,0.5,0.5,0.5,0.5,0.5,0.5,0.5,0.5,0.5,0.5,0.5,0.5,0.5,0.5,0.5,0.5,0.5,0.5,0.5,0.5,0.5,0.5,0.5,0.5,0.5,0.5,0.5,0.5,0.5,0.5,0.5,0.5,0.5,0.5,0.5,0.5,0.5,0.5,0.5,0.5,0.5,0.5,0.5,0.5,0.5,0.5,0.5,0.5,0.5,0.5,0.5,0.5,0.5,0.5,0.5,0.5,0.5,0.5,0.5,0.5,0.5,0.5,0.5,0.5,0.5,0.5,0.5,0.5,0.5,0.5,0.5,0.5,0.5,0.5,0.5,0.5,0.5,0.5,0.5,0.5,0.5,0.5,0.5,0.5,0.5,0.5,0.5,0.5,0.5,0.5,0.5,0.5,0.5,0.5,0.5,0.5,0.5,0.5,0.5,0.5,0.5,0.5,0.5,0.5,0.5,0.5,0.5,0.5,0.5,0.5,0.5,0.5,0.5,0.5,0.5,0.5,0.5,0.5,0.5,0.5,0.5,0.5,0.5,0.5,0.5,0.5,0.5,0.5,0.5,0.5,0.5,0.5,0.5,0.5,0.5,0.5,0.5,0.5,0.5,0.5,0.5,0.5,0.5,0.5,0.5,0.5,0.5,0.5,0.5,0.5,0.5,0.5,0.5,0.5,0.5,0.5,0.5,0.5,0.5,0.5,0.5,0.5,0.5,0.5,0.5,0.5,0.5,0.5,0.5,0.5,0.5,0.5,0.5,0.5,0.5,0.5,0.5,0.5,0.5,0.5,0.5,0.5,0.5,0.5,0.5,0.5,0.5,0.5],