{"Material":"N27","Core_Shape":"R20-10-7","Effective_Area":3.363E-5,"Effective_Volume":1.4650000000000002E-6,"Effective_Length":0.04355,"Primary_Turns":8,"Secondary_Turns":8,"Excitation_Type":"Sinusoidal","Sampling_Time":1.0000000000001598E-8,"Voltage":[],"Current":[],"Time":[],"Power_Loss":[6.31659152422768,7.8440214307009164,9.6546780401866581,11.921031039453517,14.347206777266102,19.879726705482355,23.161439984502664,30.665077851424407,34.93940857124452,44.619281346680154,54.805235770663117,67.017618854887388,87.573839080952567,102.38566545704438,126.35631806400116,143.4017409228293,169.90862629376531,206.58955241390086,234.27380383032167,271.85176624513707,310.02363812356447,344.44394025825329,390.39243327592618,434.4298146582363,488.22591536250309,532.13411699461562,594.329971069411,647.22120706133285,715.197226682309,783.20611329751182,847.59598464672433,7.5311470806424508,9.245626455198332,11.287500439416055,13.739003358910686,19.444238522708932,22.256606409171894,30.129204135458536,34.205621371957008,43.4188823437334,54.529183219795243,67.164189807427462,80.405541350614641,95.41843760002368,119.61424529265889,145.06409462687134,173.21160757599822,202.04388915504595,231.77005173959816,271.98784770921134,310.92863446736567,351.25945121966089,398.3734157422532,444.87304091183842,501.97086774697937,558.79980880833716,614.41471860509967,681.248559359216,749.37544227259582,823.59301456015316,909.64555386439486,8.9895969909559028,10.993887625169107,13.305912251283257,16.081295454840152,22.57688755072607,26.218827993588416,33.880156716498185,38.573844606321131,49.51147002873433,61.72682568349029,75.0243301789413,98.01066709395046,114.67389914816317,141.87418525028406,171.72912494274624,202.9865209396992,235.72363505968318,281.59314313245034,327.90459699922911,372.08355099751645,427.10772232506736,481.488339792239,535.53597509647591,599.67474877658265,676.55395966205845,742.60501374970193,831.73951200479451,923.09021267830019,1011.1713459335622,1127.1783621707461,9.677980216311056,11.736402204503619,14.17830912528515,20.484405105091298,24.182370548242943,27.067232336841606,36.236616515737239,46.633891789318255,58.333029405737463,72.146687704905048,87.31574621043535,103.52492697625247,130.5134237445495,160.26076684461972,192.32458609820213,227.25380975923451,274.99491769963691,322.68467221863853,371.88965367272374,419.37980586643766,476.25092918809128,546.63388846893338,604.87571847676963,685.06224076083424,755.22222122184246,852.685288525576,948.49743098853287,1047.9336580093263,1175.1426794326574,1300.5716932217888,9.9164646368964444,12.172713381824053,14.72251321567467,21.226079181444398,24.34640255087875,32.527190444616387,37.278780842064556,48.293675570197479,60.499986862676515,74.512961217859939,90.034803297193719,116.12378501130442,144.70605990142329,176.46973622371047,211.60384026561709,247.50610234166521,297.7835021730881,348.33430995932957,410.6718410891317,460.07898159292438,534.89313152977672,595.44034081064626,668.75556798159812,755.60774377483574,842.02085060934417,945.08268990251054,1063.9532075631048,1182.7376154417375,1320.5056794713464,1474.0303970832049,1639.5479227710423,10.312059486635411,12.630274023351969,15.269751917762896,21.533172693328158,25.283476152591415,33.692996936871538,38.320485506435773,49.452462433322168,61.822172853918687,83.568104271827636,100.146461540525,127.52064716979493,147.40859146799531,181.75968891071383,228.83052389981052,265.96617085502686,317.10034990132755,381.79121545507854,434.317881002404,496.42669837623004,572.12331918533482,648.24243035897825,723.17044761893533,825.83452732256535,916.15185327519691,1039.4509011129153,1165.0494392334226,1307.167001348166,1453.6350775460512,1630.6403758030376,11.281246703053641,14.127861533076493,16.691787392463436,23.989316461204623,28.023604777144577,37.009852008325709,48.112029474570818,61.019368979974338,75.29891012801977,90.965106043012327,108.87946801944398,138.40612056645151,172.60410943328444,208.14678888740858,258.8745572940511,312.42961631265257,365.85692032417148,420.18647993200204,487.82736980363433,552.60163937435709,632.64370280494563,712.52519299759206,803.92248372570748,910.11420959633222,1023.3499148103618,1155.1178656354646,1303.8869618307567,1459.3791532986138,1647.6967798952721,1841.1498591995564,11.748212632970873,14.302715843178143,17.341222725959479,24.43263261685782,28.662326340193435,38.380415378647534,48.525400791158759,61.212109716367365,75.5586898457012,91.697210685115792,118.61245272737197,151.14557384557835,185.19212147032493,221.85846623885351,273.42790604091476,326.441954781012,380.38913791453973,450.259763228851,516.24816817290639,583.38340781240379,663.42204903785478,752.45938040453643,847.11987305405921,958.49671497461441,1088.1510751773274,1222.3478498726668,1377.4409316424546,1566.1339169673431,1762.5427495548224,1982.5142650971468,11.567710849054045,14.068685743294305,20.457122195029047,24.210554552035681,28.473820213554443,37.93867894080114,48.255297163758684,60.894656422779065,75.475798226215517,99.75761948627121,118.39178265620504,150.75812841014806,185.3573937230139,234.35571674048859,286.2929085626173,339.443538963589,394.45349060144929,464.05846466255605,530.126204791766,610.6993721162047,700.130224671035,794.38951687874135,890.42736969482439,1000.575534295861,1147.3842941824646,1281.5257929013867,1454.0204700751099,1648.2411732395258,1866.7430891379213,2120.1967683197863,11.496641011478696,14.094338926794125,20.366242444926325,23.98244141639546,32.79841589585164,37.6832246965099,48.9732868687602,60.404331299337436,82.677494385543085,99.270376012893067,129.443971569672,161.29675473743325,195.43596962577675,244.78408922737086,284.08718542085126,351.47471486022312,405.78217710918096,475.66982621657542,555.25808129390475,634.27878890152056,723.15438519387953,816.76647781069312,925.90102522714949,1052.5950278945381,1182.7933571762228,1350.0582528055606,1522.4844836095835,1722.4352125538276,1968.0752176436761,2244.6091877491426,11.651041270947253,14.227740591968022,20.550354673062177,24.261867064383686,32.860024406950359,37.83587212270816,48.621209304867925,66.964215672352722,81.9172410878244,98.281662149272535,128.80918154559279,159.732248317765,206.00088867940147,242.93542751190319,294.41419850241959,362.07663686310082,430.38665184842949,496.14427556546576,576.02723662784422,652.79165196230645,744.0166809183329,849.83816794619645,957.57005573133677,1083.7658062872181,1229.3209909434406,1395.6518257482528,1588.6210459635988,1809.2467290240413,2058.7420798117273,2365.7271633077776,2705.1272720574379],